Ph,N,P,K,Temperature,Humidity,Crop_Type
6.25,127,61,161,30.2,80,Groundnut
7.4,145,62,116,32.8,69,Maize
6.96,149,60,142,33.5,60,Groundnut
6.7,107,28,124,27.0,63,Chillies
5.81,196,43,102,37.7,45,Rice
5.81,172,56,178,32.1,49,Groundnut
5.62,105,68,128,26.8,66,Chillies
7.23,104,60,131,36.6,68,Maize
6.7,91,36,125,26.0,81,Cotton
6.92,84,43,115,36.8,80,Turmeric
5.54,177,40,124,38.0,80,Sugarcane
7.44,127,58,153,34.1,48,Maize
7.16,116,60,127,35.0,80,Rice
5.92,158,58,172,29.4,62,Sugarcane
5.86,123,32,155,37.2,60,Turmeric
5.87,179,30,164,31.9,62,Maize
6.11,94,65,192,34.5,66,Maize
6.55,122,38,185,37.0,46,Maize
6.36,127,30,179,37.7,65,Maize
6.08,166,32,140,35.8,80,Sugarcane
6.72,149,65,150,28.9,83,Rice
5.78,125,64,170,37.6,83,Turmeric
6.08,193,20,177,33.2,73,Chillies
6.23,187,59,128,37.1,70,Groundnut
6.41,122,63,182,33.8,65,Cotton
7.07,188,38,118,29.0,61,Turmeric
5.9,100,31,165,29.8,60,Groundnut
6.53,102,27,140,32.2,75,Groundnut
6.68,186,27,144,35.3,53,Cotton
5.59,198,64,114,29.1,75,Turmeric
6.72,159,31,102,32.5,58,Sugarcane
5.84,126,67,110,29.5,81,Rice
5.63,196,52,152,35.6,46,Cotton
7.4,94,64,145,31.1,58,Rice
7.43,104,45,129,26.0,77,Sugarcane
7.12,115,58,156,27.2,79,Groundnut
6.11,154,47,117,25.8,83,Rice
5.7,130,24,150,31.5,64,Sugarcane
6.87,94,27,147,26.4,46,Sugarcane
6.38,147,44,165,26.5,63,Chillies
5.74,100,46,195,37.2,81,Cotton
6.49,92,65,107,36.3,62,Chillies
5.57,165,42,121,30.9,60,Groundnut
7.32,98,49,105,37.8,48,Cotton
6.02,113,64,175,25.0,56,Groundnut
6.83,157,66,156,33.0,73,Chillies
6.12,147,42,135,33.0,51,Turmeric
6.54,191,68,178,30.9,58,Sugarcane
6.59,196,66,191,30.2,56,Groundnut
5.87,131,39,156,30.9,79,Cotton
7.44,189,37,148,30.4,49,Cotton
7.05,106,37,144,34.5,61,Groundnut
7.38,108,21,181,26.8,76,Cotton
7.29,190,23,165,27.6,54,Sugarcane
6.7,107,49,176,27.3,61,Turmeric
7.34,114,52,144,28.4,49,Sugarcane
5.68,87,55,178,31.8,53,Cotton
5.89,95,37,119,26.4,77,Groundnut
5.59,185,56,163,36.3,80,Chillies
6.15,115,38,192,28.9,80,Cotton
6.28,109,66,192,27.1,62,Cotton
6.04,97,47,166,33.8,53,Cotton
7.16,81,59,182,25.5,73,Cotton
6.21,128,39,102,33.1,58,Groundnut
6.06,156,68,153,34.1,69,Chillies
6.59,83,52,177,27.8,59,Chillies
5.78,169,31,163,25.5,50,Rice
7.1,168,34,139,29.7,73,Cotton
5.65,173,60,158,26.3,59,Cotton
7.47,154,58,154,26.5,73,Rice
7.04,86,21,161,28.3,48,Chillies
5.9,174,48,103,28.8,62,Maize
5.51,187,60,159,31.9,83,Sugarcane
7.13,153,29,174,33.8,60,Maize
6.91,118,21,194,32.7,55,Chillies
6.96,92,30,195,26.9,58,Turmeric
7.04,110,32,190,27.2,47,Cotton
5.65,150,29,129,36.4,82,Maize
6.22,142,33,101,32.3,62,Groundnut
5.73,135,37,161,36.3,64,Groundnut
7.23,192,28,148,29.8,69,Rice
6.75,121,58,108,33.0,82,Chillies
6.16,140,47,191,31.8,57,Chillies
5.63,121,22,130,29.1,48,Maize
6.12,135,39,197,31.1,58,Cotton
6.15,115,25,160,31.5,77,Chillies
6.96,163,46,178,27.6,72,Maize
6.78,147,21,147,29.1,81,Maize
7.27,197,48,124,35.3,52,Sugarcane
6.44,86,57,135,36.9,78,Sugarcane
5.74,133,22,107,29.7,49,Chillies
6.93,80,35,172,29.0,49,Maize
7.02,123,49,157,27.5,75,Rice
6.62,199,59,144,33.8,53,Rice
7.04,124,21,161,29.2,76,Sugarcane
6.49,185,36,138,37.8,77,Chillies
6.55,126,60,195,29.2,47,Cotton
6.36,92,31,157,30.1,74,Turmeric
5.55,198,54,180,32.8,56,Rice
5.72,101,62,198,35.4,73,Rice
5.56,197,20,182,31.1,47,Sugarcane
6.77,100,64,163,30.5,70,Sugarcane
6.13,165,34,143,37.9,74,Chillies
6.52,171,45,128,25.1,53,Sugarcane
7.32,88,56,158,36.6,70,Groundnut
6.0,105,40,170,26.9,46,Turmeric
6.32,88,68,191,35.2,47,Maize
7.01,94,50,108,33.0,48,Rice
5.96,89,44,191,29.4,69,Groundnut
5.65,167,42,105,36.4,57,Cotton
6.08,121,43,128,25.2,83,Groundnut
5.82,151,57,157,27.9,79,Chillies
7.36,103,47,116,32.4,67,Cotton
7.12,159,40,115,29.6,53,Cotton
6.77,128,62,186,32.9,46,Sugarcane
7.24,105,37,194,25.3,75,Groundnut
7.11,170,55,102,26.5,46,Chillies
5.87,116,54,120,26.7,76,Rice
7.29,147,64,163,27.5,62,Turmeric
6.58,129,28,189,31.0,57,Sugarcane
7.11,103,57,135,34.8,49,Groundnut
7.29,98,49,185,36.8,54,Rice
6.14,179,63,161,35.9,69,Groundnut
5.72,139,53,141,27.6,78,Sugarcane
5.96,118,51,175,30.7,81,Rice
6.35,153,22,141,27.6,74,Sugarcane
7.14,168,22,160,28.4,51,Groundnut
7.22,97,47,112,31.5,50,Cotton
5.51,98,63,110,25.9,47,Turmeric
6.52,115,34,153,27.8,57,Maize
6.33,153,60,115,37.2,47,Turmeric
5.94,176,42,107,31.1,70,Cotton
5.74,134,59,158,30.8,68,Sugarcane
6.18,193,30,156,25.2,50,Turmeric
7.39,148,67,139,28.2,56,Sugarcane
6.15,126,51,158,36.3,80,Sugarcane
6.54,128,55,101,27.1,46,Rice
6.91,178,52,193,30.4,55,Chillies
6.23,187,43,193,25.2,83,Sugarcane
7.44,177,58,175,31.2,78,Turmeric
7.42,112,53,109,25.3,70,Turmeric
6.0,198,47,143,35.7,62,Turmeric
6.49,100,56,110,35.7,65,Cotton
6.1,160,26,178,35.2,80,Maize
6.07,101,23,179,28.7,84,Sugarcane
5.57,127,56,180,35.9,66,Sugarcane
6.72,116,20,189,32.1,74,Sugarcane
6.51,94,20,101,29.9,74,Rice
5.6,114,66,149,33.1,52,Sugarcane
6.06,171,39,111,25.2,78,Cotton
7.32,150,38,189,26.9,53,Groundnut
5.98,111,48,122,34.6,64,Chillies
5.79,90,29,117,28.2,84,Turmeric
6.48,89,37,161,32.8,69,Sugarcane
7.47,152,47,195,30.0,63,Rice
5.98,157,54,161,36.1,49,Cotton
6.84,156,62,137,37.4,55,Sugarcane
7.02,136,66,166,36.5,59,Rice
5.98,104,50,137,28.5,52,Groundnut
6.96,81,46,166,27.5,63,Maize
6.24,143,30,193,31.2,67,Sugarcane
6.76,114,68,160,25.1,71,Cotton
6.77,86,68,100,25.3,84,Rice
6.57,164,57,193,32.2,76,Rice
5.68,97,24,144,31.8,70,Sugarcane
7.17,146,27,195,37.9,71,Rice
6.14,121,53,127,27.6,63,Maize
5.87,197,67,120,28.4,73,Rice
5.58,118,31,112,26.5,83,Turmeric
6.68,120,57,126,36.9,77,Chillies
6.86,192,20,199,35.1,63,Turmeric
5.53,154,50,106,35.7,81,Chillies
6.52,182,23,121,36.7,63,Rice
5.95,103,68,173,31.8,77,Sugarcane
6.79,139,64,152,30.9,60,Chillies
5.85,125,69,178,29.3,67,Cotton
6.88,98,24,178,32.7,51,Chillies
6.27,147,49,103,30.9,70,Turmeric
7.37,169,43,195,30.9,76,Rice
5.78,181,22,122,37.2,56,Sugarcane
6.18,121,30,169,37.8,52,Groundnut
5.73,111,64,187,35.4,49,Sugarcane
7.35,118,23,183,34.8,72,Sugarcane
7.25,188,45,183,33.8,49,Sugarcane
6.02,189,46,175,27.2,70,Cotton
6.82,115,65,132,25.8,49,Maize
7.13,183,62,127,34.0,66,Turmeric
6.61,180,46,107,34.5,59,Rice
6.56,176,61,100,25.6,57,Maize
5.98,115,69,136,37.1,72,Groundnut
5.69,82,25,162,26.2,77,Maize
7.29,152,34,121,28.7,67,Rice
7.3,87,49,169,33.7,77,Turmeric
6.77,176,61,120,27.2,62,Turmeric
6.18,149,56,195,25.7,74,Rice
6.2,120,56,134,29.3,70,Groundnut
6.95,182,61,178,35.0,60,Rice
7.29,147,56,104,30.4,57,Groundnut
7.27,92,54,159,33.5,83,Groundnut
7.06,128,42,145,32.5,77,Rice
6.78,139,25,149,25.3,70,Chillies
5.67,81,23,147,37.9,45,Turmeric
5.82,139,37,105,25.5,82,Groundnut
7.3,84,28,188,37.6,46,Rice
6.71,123,68,155,32.1,50,Chillies
5.52,106,48,158,37.5,82,Turmeric
5.7,111,32,128,26.5,68,Groundnut
6.83,100,66,170,31.4,62,Turmeric
5.51,87,36,176,27.2,71,Chillies
5.82,181,64,117,25.7,52,Turmeric
6.6,151,51,101,33.0,72,Cotton
6.88,129,67,107,27.7,54,Sugarcane
6.8,146,41,174,32.6,61,Cotton
5.95,197,23,196,26.5,73,Chillies
6.92,123,24,153,29.3,50,Groundnut
5.97,137,56,137,35.2,58,Rice
6.15,82,60,147,30.7,66,Maize
6.99,165,68,126,33.2,50,Rice
6.8,149,32,119,33.4,70,Turmeric
7.2,81,53,111,36.0,83,Maize
6.82,166,64,142,29.2,56,Maize
6.64,123,41,160,33.9,79,Turmeric
5.69,81,42,130,37.5,58,Turmeric
6.24,181,22,190,34.5,66,Groundnut
6.03,160,61,195,31.4,67,Chillies
5.99,114,53,160,33.2,51,Rice
7.45,177,51,173,34.6,84,Chillies
6.29,166,64,166,33.0,69,Cotton
7.28,109,68,190,25.2,57,Groundnut
6.76,195,40,134,27.5,65,Groundnut
7.09,87,65,194,35.5,54,Cotton
6.51,101,63,114,28.5,53,Rice
6.65,123,40,115,34.5,59,Sugarcane
6.49,137,63,112,29.8,46,Cotton
5.89,115,30,134,31.8,69,Rice
6.94,148,58,174,25.9,57,Maize
6.06,156,23,158,27.4,78,Turmeric
5.55,172,20,120,37.4,78,Groundnut
6.79,110,47,153,36.6,79,Rice
5.85,126,43,174,33.5,82,Chillies
7.38,134,54,129,31.0,47,Turmeric
7.41,159,32,147,33.8,50,Chillies
7.33,185,66,134,33.0,63,Turmeric
6.24,141,53,185,32.4,47,Groundnut
5.53,109,30,137,25.8,62,Cotton
7.36,134,55,130,33.2,83,Sugarcane
6.36,95,36,177,35.0,53,Cotton
7.43,91,54,123,37.9,56,Rice
7.43,96,37,148,25.1,49,Cotton
7.21,95,59,195,34.5,47,Groundnut
6.09,91,41,199,32.4,55,Rice
6.27,87,43,131,30.6,74,Maize
7.2,163,38,154,26.7,48,Cotton
6.13,82,56,178,30.3,49,Cotton
5.84,95,58,157,29.6,45,Sugarcane
6.61,109,40,198,28.9,71,Rice
7.37,188,27,102,34.5,72,Chillies
6.89,102,47,179,34.1,73,Cotton
6.64,171,24,168,32.7,62,Groundnut
5.69,194,36,184,37.2,56,Cotton
6.73,183,56,109,29.5,57,Sugarcane
7.48,197,55,182,28.2,46,Maize
5.78,84,38,124,33.5,81,Sugarcane
6.54,163,46,167,27.6,60,Cotton
7.25,183,53,160,29.1,68,Chillies
6.98,199,30,128,27.9,79,Turmeric
6.89,187,64,118,25.9,66,Cotton
6.9,144,66,142,35.8,80,Rice
6.22,109,31,165,28.3,55,Cotton
6.09,100,40,173,31.1,73,Chillies
7.12,163,30,160,25.6,79,Rice
7.12,149,58,142,34.1,59,Groundnut
7.23,101,47,124,29.3,75,Rice
7.33,161,24,119,34.7,60,Sugarcane
6.52,151,36,147,30.4,54,Maize
6.5,182,39,182,27.5,76,Sugarcane
7.1,111,60,186,31.7,46,Turmeric
6.8,112,65,123,26.7,68,Rice
6.9,196,31,110,30.7,67,Groundnut
7.09,95,25,197,29.1,46,Cotton
7.28,155,36,154,36.9,82,Rice
6.18,117,38,127,25.8,75,Sugarcane
6.25,195,45,168,34.0,84,Rice
5.69,177,67,162,27.4,70,Rice
6.66,93,63,158,29.1,73,Rice
5.57,115,63,104,30.4,47,Groundnut
6.43,176,51,150,36.8,58,Chillies
6.59,102,25,120,28.2,69,Chillies
6.07,193,55,111,26.2,45,Rice
6.68,188,57,149,29.1,47,Groundnut
5.56,145,30,103,26.4,70,Groundnut
5.57,184,52,141,26.7,62,Turmeric
7.15,164,43,183,32.5,53,Rice
6.22,81,42,137,25.8,82,Sugarcane
5.75,170,34,124,25.4,67,Sugarcane
6.54,152,46,113,34.3,65,Maize
7.04,144,30,174,29.7,45,Rice
5.93,154,69,131,26.6,65,Maize
6.75,146,36,110,28.3,71,Sugarcane
5.67,131,33,160,33.3,50,Sugarcane
5.6,141,46,117,28.6,80,Rice
6.56,102,37,126,31.4,72,Maize
6.58,105,47,154,26.6,61,Maize
6.77,147,66,153,32.6,84,Rice
6.95,161,66,181,29.1,47,Turmeric
7.45,134,23,186,33.2,56,Maize
6.53,85,26,174,35.5,83,Turmeric
6.15,114,64,120,33.0,56,Cotton
7.09,101,54,143,28.8,46,Sugarcane
6.04,122,67,104,28.3,66,Chillies
6.38,94,28,186,29.3,67,Turmeric
5.66,165,27,140,27.1,74,Turmeric
5.55,139,64,158,27.4,49,Turmeric
7.43,180,36,188,35.3,53,Groundnut
7.17,195,36,153,30.0,65,Maize
6.89,185,68,173,30.7,55,Maize
6.32,91,52,121,32.7,49,Groundnut
5.85,190,51,182,32.7,79,Maize
5.81,128,27,164,25.9,71,Groundnut
6.0,121,38,163,35.8,46,Turmeric
6.6,117,57,170,27.3,68,Rice
6.93,161,22,103,34.4,75,Cotton
6.82,124,24,164,35.0,77,Turmeric
6.06,114,32,114,34.3,83,Cotton
7.41,109,66,175,32.5,74,Sugarcane
6.98,167,65,121,25.2,81,Turmeric
6.61,185,50,185,29.7,72,Chillies
6.72,109,35,146,32.9,75,Maize
6.34,157,69,180,30.0,55,Chillies
6.0,85,51,192,36.2,67,Rice
6.21,146,41,145,29.0,46,Cotton
7.02,159,48,113,28.8,84,Turmeric
5.53,86,41,149,28.5,71,Rice
5.73,131,62,119,29.3,79,Rice
5.59,93,22,149,32.2,46,Maize
5.58,152,29,132,34.2,83,Rice
7.21,94,61,158,33.6,81,Turmeric
6.91,100,40,142,35.5,65,Turmeric
6.45,114,35,178,36.5,49,Cotton
5.7,145,31,111,35.6,65,Turmeric
6.48,170,21,139,25.2,73,Chillies
6.45,81,60,119,34.6,64,Cotton
5.85,114,43,193,27.7,82,Maize
6.37,161,54,137,26.7,64,Cotton
6.3,157,49,102,33.3,69,Groundnut
6.73,99,49,127,29.2,46,Chillies
6.77,161,66,155,25.7,76,Groundnut
5.59,89,54,189,26.8,70,Groundnut
6.25,104,38,193,25.0,50,Sugarcane
6.75,145,69,112,36.7,47,Turmeric
6.51,104,27,176,25.3,77,Maize
7.21,133,45,165,27.7,45,Rice
6.82,112,68,136,30.4,49,Groundnut
5.83,115,59,148,29.6,57,Cotton
5.64,174,26,165,36.9,63,Rice
6.78,93,49,135,25.5,56,Cotton
5.55,144,26,153,31.7,69,Cotton
6.67,189,22,125,33.8,79,Rice
7.38,159,20,174,37.1,56,Rice
6.65,133,55,171,33.1,74,Turmeric
6.28,189,44,139,35.4,49,Cotton
6.79,131,56,142,26.1,78,Maize
6.42,82,20,121,30.0,66,Turmeric
6.59,178,34,119,29.9,83,Chillies
7.38,120,56,107,36.5,57,Sugarcane
6.27,85,32,128,27.0,47,Chillies
7.42,104,59,139,27.0,64,Maize
7.31,92,27,189,29.3,75,Turmeric
5.89,196,24,129,25.7,49,Sugarcane
5.64,177,28,180,27.4,68,Turmeric
5.7,87,20,183,37.5,84,Rice
5.54,100,55,154,30.6,77,Sugarcane
5.69,177,54,115,33.2,52,Cotton
6.87,147,21,145,34.4,68,Chillies
5.64,104,59,161,29.8,64,Sugarcane
6.14,158,42,106,26.9,60,Cotton
7.19,147,28,179,27.7,56,Turmeric
5.55,124,53,144,29.1,57,Maize
7.13,139,65,158,33.3,83,Sugarcane
6.06,91,33,155,30.2,69,Cotton
5.74,111,23,147,25.1,76,Turmeric
6.89,175,49,126,31.8,68,Turmeric
6.76,171,50,152,37.0,53,Turmeric
7.25,92,57,186,35.6,84,Maize
6.97,110,30,187,35.7,67,Rice
7.11,157,54,172,35.3,57,Maize
6.06,99,27,134,29.2,76,Maize
5.85,97,22,150,34.9,59,Chillies
7.0,172,33,183,26.9,80,Turmeric
7.11,139,32,136,33.6,49,Cotton
7.48,142,64,180,33.3,66,Sugarcane
6.33,85,51,194,25.3,60,Chillies
6.24,111,53,156,35.2,54,Turmeric
7.05,172,64,107,36.7,68,Groundnut
6.18,122,38,178,28.5,62,Maize
7.36,81,57,194,35.6,62,Groundnut
7.22,139,35,193,26.1,51,Turmeric
6.36,102,21,119,32.8,48,Chillies
7.0,162,59,152,31.3,70,Cotton
7.01,110,36,111,32.1,49,Chillies
5.71,194,53,148,37.0,60,Cotton
7.31,84,61,116,36.3,79,Cotton
6.51,162,35,163,35.2,70,Turmeric
7.15,113,57,141,28.6,62,Rice
6.14,89,21,193,36.9,73,Turmeric
7.29,168,21,128,26.3,67,Maize
6.28,81,45,118,36.1,58,Chillies
5.52,90,32,110,29.3,59,Cotton
7.31,129,66,197,25.7,77,Turmeric
5.68,110,50,149,33.7,69,Turmeric
6.14,135,53,170,28.0,65,Chillies
7.4,158,58,157,28.2,61,Chillies
7.4,152,22,133,29.0,67,Cotton
6.65,166,27,119,25.8,61,Sugarcane
6.76,162,42,149,27.3,58,Groundnut
6.4,88,33,187,25.1,73,Maize
6.09,178,46,109,30.8,64,Maize
6.16,100,48,131,26.1,74,Sugarcane
6.85,152,58,151,33.9,63,Rice
7.0,107,58,114,28.1,83,Sugarcane
7.08,141,20,183,37.3,57,Rice
7.08,189,36,102,36.3,62,Rice
5.68,194,60,136,28.8,67,Sugarcane
6.49,86,49,139,35.2,77,Maize
5.62,159,32,171,35.4,83,Groundnut
6.6,95,40,139,37.8,84,Maize
6.38,176,38,155,32.8,62,Turmeric
7.28,83,38,122,26.1,53,Maize
6.2,83,44,110,33.4,77,Maize
5.73,182,41,163,33.1,76,Sugarcane
5.79,119,50,107,33.3,61,Sugarcane
7.02,96,36,192,29.0,63,Turmeric
6.74,180,42,193,36.2,71,Turmeric
5.7,182,51,155,37.5,50,Sugarcane
5.67,131,29,159,27.8,79,Maize
6.9,172,29,109,26.1,81,Groundnut
5.65,131,55,138,27.5,78,Rice
7.14,115,27,127,35.7,64,Chillies
6.91,117,39,148,33.8,69,Rice
5.66,182,51,135,33.3,48,Turmeric
5.67,129,69,112,30.2,54,Turmeric
7.47,142,33,195,32.5,54,Rice
6.25,180,69,135,29.0,68,Chillies
6.24,195,47,125,31.2,65,Maize
7.13,142,65,185,35.3,55,Groundnut
7.39,141,43,103,37.8,71,Groundnut
7.47,178,34,194,37.1,60,Rice
7.01,86,41,181,37.1,70,Chillies
6.25,106,49,163,30.2,74,Turmeric
5.67,171,23,137,31.1,60,Cotton
7.05,165,32,187,34.2,51,Maize
6.62,93,42,186,37.0,60,Rice
6.35,150,27,121,26.8,79,Groundnut
7.31,180,37,101,29.0,60,Turmeric
5.72,165,31,130,26.8,84,Sugarcane
6.49,84,50,110,33.0,56,Sugarcane
5.52,134,33,191,29.0,79,Chillies
6.44,81,53,145,29.2,65,Chillies
5.61,141,37,195,25.9,80,Rice
5.74,170,53,161,29.5,61,Cotton
5.74,100,30,168,36.2,76,Groundnut
6.8,197,60,163,28.0,50,Rice
6.99,181,31,109,34.0,68,Cotton
6.67,158,68,139,33.2,71,Turmeric
7.42,100,34,123,36.2,64,Chillies
6.25,89,50,198,26.7,69,Sugarcane
6.07,166,68,143,37.7,46,Maize
7.24,137,48,159,32.6,53,Turmeric
5.95,199,45,161,37.9,72,Sugarcane
7.43,118,37,186,36.8,82,Groundnut
5.52,84,51,116,27.9,47,Groundnut
7.44,144,41,164,25.7,64,Sugarcane
5.59,92,57,194,28.3,50,Turmeric
7.28,164,36,194,31.9,83,Sugarcane
6.56,169,42,156,27.2,77,Cotton
7.49,193,43,154,27.2,45,Rice
5.65,188,69,152,31.0,81,Chillies
6.61,164,27,155,25.4,50,Cotton
7.44,132,60,197,26.6,78,Maize
6.55,161,25,108,30.4,59,Sugarcane
6.76,180,24,121,25.8,70,Maize
6.89,124,63,112,30.2,58,Maize
6.41,111,48,188,31.2,51,Cotton
6.76,115,47,147,30.9,75,Chillies
6.67,160,30,117,36.3,68,Turmeric
7.3,178,20,175,31.9,75,Groundnut
5.59,192,62,139,31.1,73,Rice
6.06,139,38,116,30.3,76,Groundnut
7.4,90,28,114,35.6,61,Chillies
7.28,142,46,114,36.6,58,Groundnut
6.41,100,53,178,36.1,84,Sugarcane
6.74,131,63,162,33.8,80,Sugarcane
6.05,134,23,138,26.8,68,Cotton
5.88,196,55,112,28.6,71,Maize
6.43,105,37,180,25.6,69,Chillies
6.21,147,34,131,37.1,76,Chillies
6.67,113,32,108,33.6,62,Groundnut
5.66,131,38,139,34.7,62,Cotton
7.45,191,68,119,29.1,81,Groundnut
7.47,161,25,189,36.0,70,Groundnut
6.9,183,67,190,28.4,53,Chillies
6.57,178,31,184,25.0,79,Groundnut
6.12,184,56,181,29.9,52,Maize
7.13,172,36,176,32.4,64,Groundnut
6.87,131,42,179,31.2,66,Maize
5.83,108,45,172,36.2,63,Chillies
7.32,117,48,162,26.4,74,Cotton
7.15,121,52,175,32.2,72,Sugarcane
7.4,100,46,143,31.7,79,Maize
6.95,121,44,137,28.7,55,Cotton
6.73,92,29,182,35.7,75,Cotton
6.34,192,66,159,34.8,83,Maize
7.37,184,42,170,34.5,80,Chillies
7.23,143,40,198,36.4,74,Rice
5.59,96,40,147,34.4,67,Cotton
5.55,199,62,117,28.0,63,Cotton
6.25,88,32,115,34.2,56,Chillies
7.12,120,56,154,29.0,59,Chillies
7.47,80,52,138,28.1,75,Groundnut
5.8,81,43,167,25.9,81,Chillies
6.69,139,63,158,34.7,81,Cotton
6.26,127,30,188,34.2,59,Maize
7.44,108,36,195,28.0,73,Rice
7.18,176,23,161,34.7,70,Turmeric
7.18,89,66,112,36.9,46,Groundnut
6.44,193,44,180,26.4,64,Turmeric
6.33,137,49,105,28.0,59,Maize
6.05,139,28,182,34.8,48,Rice
5.61,183,40,176,28.6,66,Rice
7.23,100,39,159,33.1,82,Rice
7.13,107,38,189,26.1,67,Sugarcane
7.5,154,38,113,30.9,70,Maize
7.49,198,31,194,34.6,55,Groundnut
6.61,113,56,153,33.9,72,Groundnut
7.04,87,61,103,35.6,46,Rice
7.39,138,36,138,36.4,52,Maize
7.2,165,56,171,35.1,73,Sugarcane
5.99,151,67,124,33.7,55,Rice
6.4,128,58,176,25.4,81,Chillies
5.76,158,47,131,32.0,62,Turmeric
7.41,96,60,158,25.5,58,Groundnut
6.71,139,54,162,35.5,54,Turmeric
5.96,166,66,137,29.2,79,Cotton
6.84,167,67,191,32.3,53,Rice
6.74,124,37,152,28.6,79,Chillies
6.22,162,33,193,35.2,55,Groundnut
5.73,148,54,166,36.5,56,Turmeric
6.84,111,63,127,30.2,47,Sugarcane
6.54,123,60,102,36.2,83,Maize
7.04,144,26,197,28.5,58,Groundnut
6.54,166,60,179,32.0,72,Turmeric
7.2,180,32,121,36.2,55,Maize
6.6,87,37,195,29.2,83,Turmeric
6.62,156,56,137,37.4,69,Maize
7.25,151,32,171,26.6,65,Sugarcane
6.31,166,55,171,25.2,54,Sugarcane
5.77,122,50,161,36.8,59,Rice
5.56,80,21,156,25.9,63,Rice
7.01,188,35,105,37.9,66,Groundnut
6.74,130,28,177,37.4,65,Sugarcane
6.91,103,28,131,26.8,76,Chillies
5.93,178,57,198,32.0,67,Turmeric
5.77,103,30,109,27.4,57,Turmeric
5.53,96,41,102,30.6,49,Turmeric
6.2,84,52,158,25.8,48,Groundnut
6.68,99,55,175,27.9,72,Turmeric
6.28,100,64,148,29.7,58,Cotton
6.37,183,42,158,30.7,52,Maize
7.31,137,64,130,37.7,53,Turmeric
6.2,110,64,192,35.5,79,Maize
6.53,189,53,168,34.6,81,Rice
7.07,179,28,161,32.0,65,Turmeric
6.29,90,43,151,35.9,62,Chillies
6.74,131,27,188,29.4,77,Sugarcane
7.22,94,26,140,34.2,52,Sugarcane
7.4,162,55,130,37.9,61,Rice
5.79,86,37,184,29.1,75,Cotton
7.35,194,22,183,33.8,78,Groundnut
6.48,107,47,121,36.0,50,Groundnut
6.02,130,25,103,36.9,66,Chillies
6.42,186,63,112,34.3,58,Rice
7.46,137,63,144,28.7,47,Rice
6.49,84,40,141,29.2,56,Cotton
6.16,84,47,148,25.3,80,Turmeric
6.77,173,59,119,34.9,56,Groundnut
5.98,197,20,176,25.6,46,Turmeric
5.65,175,55,180,36.2,46,Rice
5.76,87,40,153,26.5,59,Turmeric
5.76,143,62,135,27.2,67,Sugarcane
5.8,89,54,196,31.2,73,Chillies
5.78,117,32,100,34.6,61,Groundnut
6.78,190,68,114,26.8,76,Cotton
5.86,175,29,176,30.7,51,Chillies
6.19,191,63,116,31.3,74,Maize
7.29,171,66,123,27.8,72,Sugarcane
6.45,160,29,157,26.5,58,Cotton
6.84,174,65,171,35.9,74,Chillies
5.84,87,32,190,31.5,61,Rice
5.88,183,56,122,25.2,76,Maize
5.58,104,57,145,35.4,50,Cotton
5.84,152,43,171,37.8,68,Rice
6.06,145,21,107,32.9,50,Sugarcane
5.85,158,41,158,31.5,71,Maize
5.68,129,36,189,36.4,62,Groundnut
5.74,146,55,158,37.4,68,Rice
6.42,128,33,112,34.8,81,Chillies
5.91,115,29,138,30.8,68,Turmeric
6.23,147,54,127,32.7,82,Cotton
6.51,157,44,188,34.1,78,Maize
6.88,184,22,160,27.5,84,Rice
5.58,120,66,115,30.8,59,Groundnut
7.1,168,57,101,35.8,55,Turmeric
6.76,198,36,181,33.5,66,Cotton
5.66,141,31,116,30.3,68,Cotton
7.25,193,43,129,33.6,45,Rice
7.34,89,48,112,26.5,62,Groundnut
5.62,100,62,195,30.2,56,Sugarcane
6.05,115,44,192,35.3,72,Turmeric
7.11,91,55,193,27.9,84,Sugarcane
7.0,170,45,181,27.4,51,Maize
5.87,183,57,112,37.4,67,Rice
5.92,81,20,142,27.7,65,Turmeric
6.24,197,39,184,28.4,78,Maize
6.47,92,47,193,37.6,55,Sugarcane
6.74,132,35,120,34.6,66,Turmeric
6.24,111,66,154,34.1,79,Cotton
6.43,174,36,180,36.1,73,Maize
6.99,95,59,139,26.5,72,Groundnut
5.57,111,47,182,34.2,62,Chillies
6.0,111,31,114,31.5,58,Sugarcane
6.93,177,46,172,35.8,62,Sugarcane
7.29,90,61,151,31.6,72,Groundnut
6.52,89,66,173,33.1,68,Turmeric
6.56,94,49,194,31.2,52,Turmeric
5.71,96,60,152,31.2,52,Turmeric
6.39,119,53,186,35.0,48,Maize
6.57,97,56,151,33.2,71,Rice
5.98,134,25,129,33.2,80,Cotton
6.04,152,26,132,30.9,49,Chillies
6.25,104,51,156,31.9,77,Rice
5.54,183,51,151,34.7,78,Rice
6.14,138,44,108,35.7,74,Groundnut
5.92,157,52,153,34.1,52,Maize
6.15,168,26,100,37.0,83,Sugarcane
5.74,193,31,143,35.7,70,Sugarcane
7.28,101,35,198,32.3,81,Groundnut
6.69,195,35,174,33.7,78,Maize
6.86,109,62,197,37.0,51,Groundnut
7.08,163,55,179,33.0,84,Sugarcane
6.5,164,32,108,35.7,72,Rice
5.67,123,26,131,34.0,83,Cotton
6.57,111,55,114,32.2,83,Turmeric
6.67,130,66,111,28.1,72,Maize
6.99,125,28,196,30.5,58,Chillies
6.36,192,51,177,37.6,82,Chillies
5.76,199,30,156,33.6,48,Rice
6.07,100,27,107,32.3,62,Groundnut
6.23,178,52,171,37.1,69,Groundnut
6.79,111,42,126,32.6,51,Sugarcane
6.64,173,44,161,31.8,82,Rice
6.21,198,27,111,34.9,72,Sugarcane
7.47,118,64,164,34.3,49,Sugarcane
6.71,192,41,141,27.5,47,Chillies
5.97,91,23,161,31.1,75,Sugarcane
5.7,184,59,110,31.1,64,Turmeric
5.81,126,22,142,29.9,63,Sugarcane
5.99,97,48,194,31.7,55,Chillies
5.82,100,60,116,30.4,84,Turmeric
5.87,92,48,196,27.6,47,Groundnut
6.07,100,53,131,30.4,67,Maize
5.85,87,53,192,25.9,51,Cotton
7.29,125,47,184,32.5,67,Sugarcane
5.66,183,32,184,36.1,51,Turmeric
6.55,189,34,139,34.4,78,Maize
6.32,86,42,122,29.7,63,Chillies
7.46,102,63,155,26.1,53,Maize
5.72,187,45,105,27.6,62,Cotton
6.3,175,23,185,32.1,69,Maize
7.44,154,45,149,27.7,58,Turmeric
7.23,165,59,136,32.1,69,Maize
7.13,101,28,163,28.0,63,Maize
6.02,186,24,153,36.0,83,Maize
5.84,168,51,171,30.2,59,Rice
6.84,101,39,148,28.2,60,Sugarcane
7.36,171,69,198,35.6,71,Chillies
6.61,108,30,110,29.5,84,Cotton
6.64,92,34,187,26.4,54,Chillies
6.06,161,51,148,32.4,48,Rice
7.04,81,47,120,32.6,63,Rice
5.87,108,41,165,34.3,72,Turmeric
6.15,164,60,162,28.1,65,Rice
6.35,158,36,182,30.8,58,Sugarcane
6.52,131,45,127,28.7,77,Rice
5.98,106,63,116,26.1,54,Maize
5.73,129,26,105,36.4,63,Chillies
6.72,174,61,118,34.5,74,Groundnut
6.08,158,45,155,28.9,66,Cotton
6.66,194,44,127,32.8,47,Rice
5.81,102,29,165,27.6,81,Chillies
6.46,167,64,137,36.6,62,Turmeric
6.57,123,38,136,26.5,55,Rice
5.6,156,30,167,25.0,46,Sugarcane
6.17,101,32,185,31.5,56,Rice
5.77,122,27,189,32.6,50,Rice
5.63,116,59,148,32.5,84,Rice
7.48,140,23,142,25.7,73,Turmeric
6.14,176,66,135,29.1,74,Rice
7.12,135,50,157,31.5,46,Cotton
6.01,82,47,112,27.8,53,Chillies
6.86,142,30,151,36.3,46,Sugarcane
7.02,197,62,157,26.1,73,Rice
6.69,98,20,131,31.3,77,Rice
6.44,102,68,180,34.0,54,Rice
6.32,108,66,199,28.4,78,Rice
6.2,109,57,159,33.1,52,Maize
7.36,118,43,182,35.8,81,Maize
7.16,187,66,157,27.5,77,Groundnut
7.43,190,50,198,36.9,50,Rice
5.75,104,60,155,32.2,84,Groundnut
6.96,180,65,127,28.9,63,Cotton
7.38,190,69,100,30.6,76,Groundnut
5.86,87,45,141,29.1,71,Chillies
5.63,185,68,181,34.4,45,Maize
6.98,137,69,147,35.4,77,Maize
6.65,95,24,139,35.8,84,Rice
7.18,151,39,196,37.8,76,Rice
5.78,80,60,162,35.3,49,Cotton
7.09,187,30,175,32.8,61,Sugarcane
5.9,84,52,171,29.4,52,Cotton
5.83,82,69,187,32.1,78,Chillies
5.83,144,57,179,25.5,53,Rice
7.13,83,46,103,34.7,67,Rice
6.83,183,53,137,30.8,79,Cotton
6.55,178,34,126,25.3,51,Cotton
6.22,175,51,108,25.8,59,Cotton
7.25,143,40,115,30.0,64,Maize
6.28,185,65,155,32.6,69,Groundnut
7.13,177,24,175,31.0,47,Groundnut
6.38,186,25,130,33.0,68,Rice
6.25,168,57,187,31.2,78,Maize
6.43,89,41,113,33.6,66,Cotton
6.1,100,37,124,27.8,55,Rice
7.0,125,33,133,26.5,52,Maize
6.51,182,29,166,32.8,83,Chillies
5.96,170,65,123,31.3,79,Sugarcane
7.3,106,32,172,25.3,82,Maize
6.27,145,50,125,29.9,52,Turmeric
6.59,120,49,119,26.4,81,Rice
7.31,191,22,163,31.9,71,Groundnut
6.75,92,49,109,30.1,72,Turmeric
5.73,88,25,182,33.0,84,Cotton
7.38,195,48,166,35.5,78,Sugarcane
6.76,115,27,123,28.9,76,Chillies
6.17,165,63,104,37.5,59,Sugarcane
5.78,185,64,166,32.0,61,Sugarcane
7.09,169,62,157,33.0,77,Maize
6.74,137,63,126,33.8,60,Rice
6.57,133,52,179,33.7,73,Rice
7.29,91,36,114,31.6,53,Sugarcane
7.08,160,67,134,30.6,77,Cotton
5.8,157,30,175,25.7,73,Rice
6.12,93,32,152,25.3,57,Sugarcane
6.0,113,69,143,29.7,65,Rice
6.99,132,30,125,29.3,65,Cotton
5.57,99,50,146,30.0,49,Chillies
6.64,154,47,133,26.8,54,Turmeric
7.02,95,63,186,34.6,50,Sugarcane
7.25,194,25,194,36.1,57,Groundnut
6.18,174,60,149,37.2,45,Groundnut
7.14,198,35,183,31.4,64,Sugarcane
5.72,149,23,111,34.1,52,Maize
7.19,135,54,186,36.1,54,Chillies
5.75,162,67,103,30.4,53,Maize
6.29,180,45,186,29.0,47,Turmeric
7.09,137,31,147,37.2,55,Groundnut
5.8,83,30,154,31.7,56,Cotton
5.96,190,56,100,31.5,54,Sugarcane
6.94,83,44,188,27.3,69,Turmeric
6.94,99,37,165,26.4,69,Rice
6.78,89,38,129,35.9,55,Groundnut
6.89,103,42,102,33.0,80,Chillies
6.59,197,57,120,29.2,83,Groundnut
6.0,178,37,188,27.5,70,Chillies
6.19,105,45,183,32.2,58,Chillies
5.86,116,25,148,32.6,83,Sugarcane
7.32,181,23,185,27.7,84,Chillies
6.67,164,63,184,36.1,45,Maize
6.3,133,48,161,26.1,48,Turmeric
6.42,183,53,196,29.6,74,Cotton
7.39,182,36,137,33.8,56,Groundnut
5.81,100,62,114,28.6,79,Cotton
6.67,153,62,151,35.8,57,Turmeric
6.51,117,35,178,34.6,75,Rice
6.72,125,21,145,35.3,82,Turmeric
5.54,83,53,124,26.5,67,Groundnut
7.24,139,27,120,26.8,48,Cotton
7.36,136,32,187,28.7,60,Cotton
6.63,124,61,104,31.7,51,Sugarcane
6.89,99,27,169,34.7,66,Sugarcane
7.34,96,49,146,35.9,73,Turmeric
6.91,198,51,186,34.2,55,Turmeric
5.81,150,55,167,37.1,77,Rice
6.65,83,66,190,34.6,73,Chillies
6.71,172,49,117,29.0,83,Groundnut
6.35,93,20,120,28.4,56,Sugarcane
6.97,82,62,191,34.1,51,Groundnut
7.37,167,58,198,27.5,83,Rice
7.35,180,36,185,26.2,70,Sugarcane
6.4,159,39,122,31.9,84,Sugarcane
5.73,137,43,163,35.7,53,Chillies
7.47,134,69,166,26.3,78,Groundnut
7.18,195,41,139,35.3,57,Groundnut
5.75,83,48,109,35.6,80,Groundnut
7.34,199,41,188,31.3,69,Chillies
7.24,103,63,151,25.7,68,Sugarcane
6.54,113,28,171,27.3,61,Rice
6.68,109,56,174,34.2,46,Groundnut
6.3,161,29,160,34.3,57,Cotton
5.61,98,55,163,36.7,75,Chillies
6.17,110,56,104,32.6,73,Maize
7.11,139,47,152,26.6,72,Rice
5.51,139,47,154,26.6,71,Cotton
6.17,98,61,136,34.4,59,Groundnut
6.3,128,62,155,27.4,75,Maize
6.57,142,40,158,29.3,84,Rice
7.34,189,43,192,31.3,59,Chillies
6.19,162,61,168,25.3,77,Maize
6.19,101,59,172,28.2,64,Sugarcane
6.98,103,21,158,30.3,56,Turmeric
6.4,188,27,101,28.6,81,Maize
5.95,155,67,164,26.8,53,Turmeric
6.4,109,46,159,34.5,67,Cotton
5.78,137,41,150,35.6,52,Rice
5.85,181,56,129,28.3,76,Cotton
6.5,196,46,110,35.1,58,Cotton
6.34,110,48,191,30.0,71,Groundnut
7.33,179,22,175,31.6,69,Chillies
6.22,143,63,138,36.1,57,Maize
6.66,98,32,189,34.7,65,Rice
6.76,127,64,176,35.5,75,Sugarcane
5.53,124,29,171,26.8,81,Chillies
6.83,179,55,162,25.9,49,Chillies
5.86,173,28,163,36.6,57,Rice
7.42,134,46,160,30.0,72,Chillies
5.8,192,53,153,28.7,69,Groundnut
6.33,134,20,191,34.4,79,Chillies
5.67,176,51,193,35.9,83,Groundnut
7.49,97,44,172,36.2,51,Maize
6.5,142,48,194,29.1,82,Maize
6.69,195,26,157,36.1,76,Cotton
5.63,192,68,184,25.5,47,Groundnut
7.0,171,22,155,25.6,83,Sugarcane
5.92,126,39,133,33.1,81,Maize
7.3,154,39,130,25.8,66,Chillies
5.91,136,49,151,29.2,52,Rice
5.88,197,54,188,33.7,61,Rice
5.57,124,54,175,29.4,71,Turmeric
6.44,112,68,100,27.3,77,Groundnut
6.63,96,58,154,28.7,61,Sugarcane
5.63,149,46,121,30.9,56,Cotton
7.05,83,45,139,31.2,71,Chillies
6.41,99,33,100,35.2,52,Groundnut
6.55,191,36,164,34.8,67,Turmeric
6.38,126,37,162,30.9,73,Rice
6.3,170,64,153,36.0,64,Groundnut
6.62,94,48,141,26.5,60,Chillies
5.81,149,39,120,28.3,61,Sugarcane
5.86,126,46,178,35.8,60,Sugarcane
7.22,157,37,180,29.9,63,Maize
7.39,154,23,121,37.8,52,Chillies
6.25,182,20,137,31.1,82,Turmeric
6.04,88,69,198,35.3,82,Maize
6.79,169,20,179,30.2,73,Maize
6.32,95,45,107,30.5,80,Maize
5.55,148,64,161,30.0,70,Groundnut
5.81,195,39,146,34.3,75,Turmeric
6.93,140,42,116,32.1,56,Rice
6.82,89,29,116,37.3,61,Sugarcane
5.55,129,30,189,28.3,59,Groundnut
5.94,82,60,112,26.3,53,Rice
5.96,156,60,116,30.1,83,Sugarcane
6.84,186,24,137,33.0,56,Turmeric
5.54,192,20,180,36.2,76,Turmeric
5.71,173,36,177,29.5,69,Chillies
7.1,197,41,144,33.5,83,Sugarcane
5.86,188,53,105,29.6,62,Sugarcane
6.81,149,64,134,33.0,59,Turmeric
5.98,160,60,113,36.5,76,Sugarcane
5.7,188,48,171,28.0,50,Cotton
5.99,130,23,160,30.3,79,Chillies
6.94,196,24,114,37.9,78,Groundnut
7.21,98,30,153,36.3,82,Groundnut
7.16,121,40,126,32.3,49,Rice
6.29,114,54,112,31.7,62,Groundnut
6.84,125,31,130,28.7,60,Maize
5.91,105,45,134,31.7,52,Sugarcane
6.09,194,38,159,36.0,69,Groundnut
7.29,148,64,105,33.9,76,Rice
5.53,172,26,168,28.8,70,Rice
5.67,143,66,185,27.6,66,Maize
5.92,116,26,157,28.4,75,Rice
5.55,163,45,148,27.2,54,Turmeric
5.86,128,59,122,26.2,56,Cotton
6.67,100,24,188,30.4,72,Turmeric
6.34,153,40,133,26.5,50,Sugarcane
7.29,143,33,125,27.2,64,Sugarcane
7.13,84,23,146,32.1,49,Sugarcane
6.18,179,42,104,27.1,67,Chillies
6.02,149,61,189,25.8,53,Groundnut
6.26,169,39,119,29.1,73,Cotton
6.68,83,34,105,27.9,60,Groundnut
6.04,182,69,169,31.7,66,Cotton
6.75,118,64,158,26.3,52,Groundnut
6.32,193,48,163,34.8,64,Maize
6.6,114,27,117,36.8,58,Turmeric
6.37,80,60,103,34.7,83,Rice
6.09,103,67,116,31.9,81,Rice
7.4,136,38,113,36.2,78,Turmeric
7.03,179,67,177,34.0,55,Maize
5.78,149,58,112,25.1,84,Cotton
7.24,120,65,106,30.1,77,Turmeric
6.47,133,47,143,36.1,75,Chillies
7.29,125,65,114,29.5,78,Cotton
7.1,139,46,118,25.5,51,Rice
6.35,187,23,162,34.7,67,Chillies
5.54,139,34,134,35.4,51,Groundnut
6.04,136,54,180,27.1,69,Chillies
6.58,110,56,134,32.0,47,Cotton
6.77,163,20,118,27.5,82,Maize
6.02,103,22,119,34.4,64,Groundnut
5.78,168,66,199,28.5,78,Cotton
7.17,115,43,134,29.1,74,Groundnut
7.47,164,46,131,36.0,61,Chillies
6.55,109,59,147,31.2,54,Rice
5.84,103,55,143,33.7,79,Cotton
6.04,187,53,123,30.2,64,Maize
5.54,185,48,160,28.9,62,Turmeric
7.33,109,43,116,33.1,71,Chillies
5.74,165,43,170,27.0,80,Cotton
6.65,171,61,149,29.8,67,Maize
6.05,86,23,164,27.7,76,Cotton
6.61,114,22,198,34.0,54,Chillies
6.8,134,53,131,37.3,55,Cotton
7.16,171,68,135,37.9,82,Groundnut
5.91,93,42,112,30.9,50,Chillies
5.52,199,42,169,28.3,78,Cotton
5.77,89,64,157,30.8,80,Turmeric
7.3,159,24,113,36.0,81,Rice
7.25,95,50,136,27.7,61,Cotton
6.69,133,60,178,37.4,84,Groundnut
6.7,174,25,167,29.4,84,Maize
6.83,185,56,139,37.8,56,Turmeric
5.85,168,29,158,35.9,65,Maize
7.33,156,59,179,35.5,84,Turmeric
6.34,149,26,191,29.1,63,Maize
6.27,123,58,115,25.1,47,Rice
6.54,152,57,161,30.0,62,Groundnut
5.59,124,40,103,28.9,63,Chillies
5.83,179,39,144,25.5,50,Maize
6.98,135,22,189,31.6,60,Turmeric
5.67,186,41,127,30.2,52,Groundnut
6.71,163,66,195,33.2,62,Cotton
5.99,161,23,165,33.1,83,Rice
6.28,186,47,130,26.6,56,Groundnut
6.08,136,31,102,37.7,54,Groundnut
6.21,100,57,107,27.4,51,Chillies
6.94,147,55,123,30.8,45,Groundnut
6.09,129,66,114,31.3,80,Chillies
6.63,112,60,142,35.6,65,Rice
6.45,170,24,130,26.3,81,Rice
6.83,86,32,172,30.6,68,Cotton
7.37,149,42,144,33.2,69,Chillies
6.97,94,69,165,27.8,51,Chillies
5.93,161,49,107,33.2,61,Maize
5.56,111,56,170,37.0,73,Maize
6.02,199,44,156,38.0,74,Cotton
6.69,154,67,179,25.4,51,Rice
5.6,99,46,198,28.1,77,Sugarcane
6.49,167,33,129,29.0,51,Maize
6.69,94,67,173,30.2,68,Groundnut
6.17,127,66,117,28.1,55,Rice
7.04,150,55,168,27.6,53,Sugarcane
5.71,100,58,192,37.4,56,Groundnut
5.65,121,35,138,36.9,79,Turmeric
6.96,105,41,159,25.6,48,Chillies
6.49,187,40,197,29.4,80,Rice
6.88,199,40,142,30.3,72,Turmeric
6.37,93,27,144,28.1,57,Cotton
5.99,136,68,122,33.2,67,Chillies
7.14,116,35,168,33.3,63,Chillies
7.1,137,50,193,36.1,81,Groundnut
6.89,100,61,105,34.6,83,Turmeric
6.04,161,29,155,32.1,68,Chillies
6.68,148,51,103,33.5,60,Maize
6.22,82,53,192,28.6,77,Rice
5.68,166,28,122,32.7,56,Maize
7.33,169,36,105,31.4,78,Groundnut
5.77,116,30,131,26.7,51,Sugarcane
7.4,167,51,117,28.2,55,Groundnut
6.39,128,29,114,28.8,75,Rice
5.87,98,41,139,37.0,73,Chillies
6.58,194,36,195,28.0,57,Turmeric
7.25,168,23,172,28.8,75,Turmeric
6.96,164,67,173,29.8,46,Cotton
7.11,91,66,183,33.6,83,Groundnut
6.82,140,44,105,26.5,59,Rice
6.88,120,40,162,37.4,55,Cotton
7.2,112,56,166,36.3,78,Chillies
6.0,129,57,110,32.5,83,Sugarcane
6.48,196,68,142,33.8,48,Groundnut
5.94,147,20,116,25.2,55,Sugarcane
7.48,185,44,195,29.4,73,Rice
7.39,150,55,103,35.3,46,Sugarcane
5.58,165,36,162,26.0,60,Sugarcane
6.91,198,60,167,28.7,83,Rice
7.35,112,43,180,32.6,57,Rice
5.86,160,21,140,28.3,81,Groundnut
6.64,103,59,182,37.1,61,Sugarcane
7.33,140,34,104,26.7,65,Cotton
5.57,140,51,131,35.4,63,Rice
6.89,177,58,185,31.6,51,Chillies
6.09,107,25,169,34.8,82,Sugarcane
7.35,137,20,134,29.0,52,Rice
7.44,122,66,121,31.7,57,Cotton
7.39,120,42,164,36.1,81,Turmeric
6.45,118,58,183,31.1,46,Groundnut
7.22,165,36,121,29.7,55,Sugarcane
7.19,128,53,110,32.0,68,Turmeric
6.14,96,60,176,34.3,50,Rice
7.16,177,48,102,30.8,70,Rice
5.57,149,28,108,37.2,51,Chillies
6.69,189,32,159,28.8,83,Chillies
5.96,149,25,175,31.2,63,Sugarcane
5.74,177,25,186,34.8,50,Turmeric
5.65,144,39,113,34.0,73,Turmeric
6.89,153,22,196,36.2,83,Rice
6.18,164,36,117,38.0,46,Sugarcane
6.95,84,68,172,30.5,63,Rice
5.63,81,31,122,26.4,48,Chillies
6.13,101,67,173,25.4,50,Cotton
6.58,191,66,182,34.4,81,Maize
7.08,136,64,146,36.4,72,Maize
6.14,145,20,168,27.9,74,Rice
6.75,153,36,146,27.1,51,Turmeric
7.27,177,22,186,25.8,53,Chillies
6.73,95,45,129,35.7,69,Groundnut
5.97,191,34,124,29.0,77,Groundnut
5.55,130,55,127,30.2,45,Maize
7.24,118,51,197,31.5,50,Cotton
5.54,165,51,124,35.9,62,Maize
7.25,155,23,173,33.5,54,Rice
6.56,167,37,177,33.0,72,Cotton
7.38,190,68,157,27.3,55,Groundnut
7.1,119,38,193,31.7,77,Turmeric
7.5,117,62,140,34.3,45,Chillies
6.2,139,54,124,37.7,57,Chillies
7.03,138,59,177,27.6,81,Rice
6.3,89,33,198,25.1,64,Maize
6.46,178,52,147,26.0,45,Rice
6.76,143,33,197,29.9,47,Chillies
7.25,194,53,109,35.7,62,Groundnut
7.47,142,23,198,25.1,58,Chillies
7.04,128,43,174,30.9,75,Cotton
6.34,143,48,110,29.3,71,Turmeric
6.34,111,38,184,25.7,61,Turmeric
6.98,86,25,120,30.9,73,Sugarcane
5.98,100,52,185,28.3,80,Chillies
5.72,99,68,144,29.6,81,Chillies
6.21,105,59,106,34.2,70,Turmeric
6.07,147,38,180,31.8,61,Sugarcane
6.09,189,20,163,26.6,66,Cotton
5.97,195,24,163,37.5,69,Maize
5.58,165,46,101,33.3,46,Chillies
5.54,94,35,175,35.0,66,Turmeric
7.48,199,25,141,26.0,49,Rice
6.36,183,59,181,25.6,48,Chillies
6.27,164,32,153,25.3,80,Rice
6.86,158,67,174,27.5,50,Cotton
5.94,165,54,115,30.4,65,Chillies
7.4,195,38,117,37.2,57,Turmeric
7.07,171,31,198,30.9,81,Cotton
5.68,93,35,158,28.8,69,Cotton
6.34,106,62,189,32.3,70,Maize
7.26,184,29,115,26.5,83,Chillies
7.39,119,44,105,32.9,64,Rice
6.43,137,39,156,32.4,77,Rice
6.73,107,50,146,35.3,58,Chillies
5.83,105,23,147,37.8,80,Sugarcane
7.48,192,63,141,28.3,61,Maize
5.96,142,42,175,31.6,65,Maize
7.39,145,21,159,36.8,60,Maize
6.8,104,41,176,35.2,60,Rice
6.72,199,56,103,31.3,64,Cotton
6.53,82,27,101,37.3,73,Turmeric
5.96,151,26,189,25.7,72,Sugarcane
5.85,123,33,158,37.1,52,Maize
5.94,176,22,126,25.7,68,Rice
5.87,121,69,126,32.1,47,Rice
7.06,195,35,178,36.6,69,Cotton
6.2,178,38,171,28.4,63,Chillies
5.62,85,37,106,31.1,77,Chillies
7.44,118,35,162,29.2,46,Turmeric
7.27,131,27,145,37.4,59,Turmeric
7.36,102,52,162,35.7,66,Maize
7.49,168,68,111,34.2,54,Turmeric
5.85,129,31,112,32.6,62,Maize
6.29,122,30,142,35.7,66,Sugarcane
7.02,98,24,116,30.1,71,Turmeric
6.89,148,46,162,30.8,57,Cotton
5.81,130,31,180,34.5,77,Maize
7.13,90,36,135,29.7,49,Cotton
5.95,199,25,184,25.8,70,Rice
5.95,91,52,107,26.0,57,Maize
6.57,153,24,168,26.5,71,Rice
6.69,87,47,189,36.3,58,Groundnut
6.66,103,33,179,31.1,68,Cotton
5.68,171,24,135,34.3,47,Groundnut
7.25,120,52,127,30.1,74,Maize
6.03,115,69,192,28.4,79,Rice
5.76,180,67,146,29.5,58,Maize
7.28,164,60,175,35.3,56,Groundnut
7.41,151,38,129,33.1,72,Maize
7.22,134,41,122,37.2,73,Sugarcane
7.12,88,24,115,33.8,61,Chillies
6.81,126,21,113,32.4,84,Groundnut
6.6,94,49,173,32.9,65,Maize
5.67,127,66,170,37.3,67,Rice
6.32,189,58,151,35.2,64,Maize
6.25,183,23,136,25.3,55,Rice
6.02,161,52,128,31.9,78,Chillies
6.95,121,32,166,33.9,54,Maize
6.49,139,39,114,34.7,54,Turmeric
5.66,163,26,199,27.8,50,Turmeric
5.94,149,34,146,36.3,80,Chillies
6.87,91,42,145,37.4,68,Groundnut
5.65,81,33,151,28.1,56,Rice
7.2,86,42,118,36.5,67,Turmeric
6.49,159,38,176,26.3,71,Sugarcane
6.46,82,48,120,25.7,81,Groundnut
6.68,188,39,163,26.7,50,Rice
7.15,82,48,136,25.8,45,Chillies
6.2,106,43,126,36.0,50,Turmeric
6.86,193,37,154,25.8,66,Cotton
6.63,186,29,128,28.5,68,Maize
6.03,119,60,119,26.3,69,Chillies
7.26,181,27,124,28.8,59,Rice
7.09,112,45,169,26.2,70,Rice
6.82,171,48,162,33.7,52,Rice
7.2,80,29,135,26.7,68,Rice
7.23,198,36,101,36.1,82,Maize
6.92,87,21,121,35.6,50,Groundnut
7.17,180,25,195,25.2,79,Sugarcane
6.89,111,24,115,36.6,45,Cotton
6.86,127,47,117,25.4,80,Maize
6.74,186,60,168,28.1,56,Rice
7.01,180,24,153,25.4,82,Maize
5.82,83,37,199,29.4,55,Chillies
7.26,173,45,129,31.7,56,Sugarcane
7.24,149,39,144,35.4,83,Rice
5.56,189,60,118,29.4,51,Cotton
7.15,197,68,186,34.2,55,Rice
5.76,98,46,133,27.4,80,Sugarcane
6.17,111,68,112,34.8,75,Cotton
6.99,88,31,142,28.1,77,Sugarcane
5.82,91,26,161,26.9,57,Cotton
7.14,90,22,192,27.4,62,Groundnut
7.16,125,29,199,27.4,68,Turmeric
6.51,198,53,121,31.7,53,Groundnut
5.51,95,44,151,36.0,75,Maize
6.07,80,54,151,26.0,54,Maize
6.73,142,35,135,34.2,46,Cotton
7.46,188,21,172,33.5,82,Rice
6.76,198,43,118,36.3,59,Turmeric
6.02,196,29,137,28.2,47,Chillies
6.77,100,57,169,30.9,75,Chillies
6.58,109,41,178,37.0,50,Rice
7.06,92,45,156,33.6,47,Rice
5.71,113,62,119,30.1,55,Groundnut
7.02,83,58,108,26.7,59,Chillies
6.58,107,46,131,28.4,72,Cotton
7.43,181,48,103,32.6,54,Sugarcane
6.18,174,66,149,34.3,82,Maize
6.77,138,57,181,26.6,51,Sugarcane
7.36,198,39,104,32.8,59,Groundnut
5.71,106,46,119,32.2,62,Chillies
7.37,148,60,186,31.7,62,Turmeric
6.88,104,39,174,34.0,68,Rice
5.64,82,63,136,35.9,46,Turmeric
6.1,176,38,121,29.2,84,Turmeric
6.92,147,39,157,36.6,64,Chillies
5.63,104,54,167,27.1,78,Cotton
6.66,99,66,192,27.2,70,Groundnut
6.19,113,21,143,28.5,51,Rice
6.74,105,49,133,26.6,82,Sugarcane
5.59,84,53,176,28.0,74,Cotton
7.24,178,41,141,26.4,49,Sugarcane
7.45,140,22,108,35.7,55,Maize
7.44,171,25,194,26.8,45,Groundnut
7.0,172,34,106,34.7,78,Cotton
5.76,88,46,167,25.6,45,Cotton
7.02,195,29,118,37.3,63,Sugarcane
5.55,181,28,193,34.2,46,Rice
5.54,129,52,130,25.1,65,Maize
6.15,85,51,134,34.9,64,Sugarcane
6.48,162,67,156,31.7,67,Cotton
7.04,139,25,184,35.1,65,Groundnut
6.87,123,60,160,31.8,68,Cotton
6.39,90,55,130,33.3,48,Chillies
6.05,145,21,182,35.2,56,Groundnut
7.49,126,48,194,30.3,66,Groundnut
6.35,187,23,152,25.0,64,Cotton
6.4,187,20,131,36.0,62,Rice
5.83,152,38,165,30.0,45,Groundnut
7.09,164,45,158,31.4,74,Chillies
6.89,167,44,109,25.1,77,Sugarcane
5.94,177,29,101,31.4,68,Rice
5.66,165,34,165,37.8,58,Rice
6.86,82,41,159,28.6,80,Rice
6.81,155,67,187,30.1,49,Groundnut
6.05,171,40,116,33.9,55,Rice
7.4,109,41,195,35.6,68,Cotton
5.8,169,55,115,30.4,75,Rice
6.36,191,53,115,29.0,57,Chillies
7.39,100,49,145,37.2,60,Maize
6.34,107,44,138,33.8,68,Chillies
6.78,199,64,130,26.5,57,Groundnut
6.3,169,47,187,25.9,68,Rice
6.05,141,20,100,31.3,70,Rice
7.47,112,68,110,27.9,46,Cotton
6.32,164,64,184,28.3,60,Sugarcane
7.29,114,23,103,36.4,82,Rice
5.96,131,26,170,26.2,45,Turmeric
5.93,113,68,125,34.3,55,Chillies
5.56,120,28,149,28.5,79,Groundnut
6.8,130,55,111,34.9,73,Maize
6.24,126,38,194,34.4,81,Rice
7.23,161,20,180,25.1,61,Maize
6.45,137,29,196,31.6,83,Rice
7.44,154,55,174,26.8,72,Groundnut
5.87,136,28,191,36.3,73,Sugarcane
7.24,102,64,195,36.3,47,Chillies
7.05,127,65,164,30.4,54,Groundnut
7.04,101,61,146,30.8,58,Maize
7.19,96,51,191,28.9,56,Rice
7.02,148,51,152,34.3,74,Maize
6.75,187,25,170,29.7,76,Chillies
5.76,90,67,101,28.5,76,Turmeric
5.57,173,57,123,30.6,76,Groundnut
7.34,94,36,103,26.2,70,Maize
6.73,170,29,118,34.7,45,Maize
7.09,114,69,125,25.2,46,Chillies
6.46,112,46,174,33.4,61,Turmeric
5.73,163,69,139,27.4,74,Rice
5.75,95,54,149,28.0,83,Turmeric
6.87,113,40,142,33.3,51,Maize
6.36,145,44,174,37.9,71,Chillies
5.9,178,47,166,35.1,53,Rice
6.48,119,66,111,27.9,66,Turmeric
5.63,199,34,166,27.3,78,Turmeric
6.66,107,23,126,36.3,45,Turmeric
6.04,126,48,153,30.8,53,Sugarcane
7.1,118,28,165,26.8,64,Rice
6.12,149,46,148,36.2,63,Turmeric
6.41,152,45,115,35.6,80,Sugarcane
5.52,99,38,101,37.8,84,Groundnut
5.64,80,47,159,36.8,48,Chillies
6.28,151,36,153,36.1,53,Turmeric
6.46,198,62,129,25.7,66,Rice
6.7,166,60,183,26.4,62,Sugarcane
6.08,142,61,137,32.4,56,Sugarcane
6.89,146,69,127,31.9,83,Groundnut
7.22,83,39,124,31.0,53,Cotton
7.06,137,64,195,30.2,50,Chillies
5.58,104,59,109,30.6,63,Cotton
6.46,126,58,159,32.4,51,Rice
5.71,117,68,141,25.0,60,Chillies
5.98,94,42,139,28.4,49,Groundnut
7.47,142,66,196,31.7,60,Rice
5.78,100,51,176,34.4,45,Chillies
6.5,178,66,141,27.3,81,Chillies
6.74,136,52,146,32.1,83,Cotton
6.9,196,65,136,34.3,63,Rice
6.62,132,24,179,30.8,81,Groundnut
5.52,125,62,121,25.4,61,Groundnut
6.15,195,67,156,30.8,70,Rice
6.54,93,53,183,28.9,66,Rice
5.68,179,59,126,37.1,52,Sugarcane
6.2,155,30,140,26.6,77,Maize
5.57,96,69,179,33.5,46,Cotton
5.66,118,22,133,25.7,74,Rice
6.29,88,52,131,30.8,64,Rice
5.77,178,30,189,32.2,62,Maize
6.64,156,35,188,28.9,54,Maize
6.88,158,37,165,30.9,68,Chillies
7.1,161,49,111,27.1,48,Turmeric
5.9,194,67,139,29.0,81,Groundnut
5.83,176,29,172,33.1,48,Cotton
5.71,85,37,175,28.9,57,Chillies
6.77,170,57,189,36.7,69,Rice
6.91,102,38,172,33.2,57,Maize
5.56,138,55,109,30.7,62,Sugarcane
7.37,170,32,195,25.5,68,Groundnut
5.6,177,65,197,31.5,46,Chillies
6.58,199,22,147,34.9,77,Sugarcane
6.92,125,29,119,28.5,63,Groundnut
7.24,117,57,138,35.5,53,Turmeric
6.93,93,20,159,28.3,72,Turmeric
7.1,179,46,165,35.7,79,Sugarcane
6.18,196,65,164,26.1,83,Maize
7.13,151,27,150,36.3,54,Chillies
5.66,141,65,135,31.5,45,Chillies
7.29,114,61,123,28.9,65,Turmeric
6.6,98,36,126,28.4,53,Groundnut
7.13,109,28,101,30.6,59,Sugarcane
6.4,157,25,130,38.0,79,Maize
6.79,163,62,156,27.9,49,Rice
6.55,192,44,177,26.3,66,Chillies
6.96,104,58,165,32.6,67,Rice
5.66,119,68,128,31.4,51,Maize
5.62,167,47,114,31.8,67,Turmeric
5.99,93,52,111,33.7,69,Chillies
5.82,105,56,127,28.5,71,Chillies
7.24,181,28,183,36.8,50,Sugarcane
5.94,166,37,123,30.7,78,Rice
7.45,101,40,120,26.7,53,Turmeric
6.17,127,21,109,34.6,77,Sugarcane
5.86,162,62,177,33.4,50,Cotton
7.08,189,57,117,29.1,81,Rice
6.82,130,59,187,33.1,75,Rice
6.5,82,55,113,27.9,78,Cotton
6.61,121,69,133,30.8,73,Maize
6.94,98,62,157,36.7,58,Maize
5.96,152,56,175,26.7,80,Chillies
7.49,107,34,121,30.0,80,Groundnut
7.45,163,47,169,35.7,59,Sugarcane
6.8,124,37,135,37.6,52,Groundnut
5.9,150,53,144,30.9,70,Chillies
6.86,157,41,135,31.6,80,Groundnut
5.64,142,30,121,32.4,65,Rice
5.56,152,32,177,37.1,72,Rice
6.02,198,23,179,36.2,48,Cotton
6.43,98,41,160,27.2,60,Cotton
7.24,126,26,199,30.7,66,Chillies
6.95,195,62,155,31.0,56,Chillies
6.99,93,43,188,35.3,60,Turmeric
6.35,199,23,195,32.8,84,Chillies
6.19,117,47,132,33.5,82,Rice
6.24,132,34,144,38.0,81,Groundnut
7.48,140,20,135,26.0,73,Sugarcane
5.58,115,22,119,27.9,62,Turmeric
7.23,119,33,117,30.3,54,Turmeric
6.66,160,57,137,29.5,83,Turmeric
6.38,109,69,166,25.3,62,Chillies
6.95,88,20,122,26.2,45,Chillies
6.47,143,57,195,33.9,83,Rice
7.25,112,57,115,36.4,65,Sugarcane
7.3,199,40,158,31.7,45,Rice
6.34,131,67,168,32.0,59,Sugarcane
6.05,168,48,167,28.3,48,Rice
6.68,93,24,120,35.0,64,Groundnut
7.32,154,68,177,34.8,54,Chillies
5.92,132,29,194,32.6,67,Maize
6.75,178,47,177,27.8,78,Maize
6.76,184,40,169,26.3,77,Chillies
6.97,138,69,111,25.8,78,Turmeric
5.76,157,26,115,32.7,83,Chillies
6.93,173,22,180,35.7,54,Chillies
7.32,120,64,186,36.2,64,Chillies
5.86,147,66,113,31.0,45,Turmeric
5.98,147,39,160,35.2,57,Sugarcane
7.44,171,38,170,37.3,45,Groundnut
5.86,87,54,145,28.6,49,Maize
7.21,81,23,131,30.2,60,Cotton
6.48,184,24,114,37.1,59,Maize
5.99,189,20,143,29.4,72,Maize
7.24,165,23,116,36.9,75,Turmeric
6.39,120,31,140,37.8,67,Rice
6.53,199,46,153,33.6,61,Chillies
6.22,134,61,143,35.6,78,Chillies
6.69,95,42,197,34.7,57,Chillies
5.83,172,44,104,34.1,58,Rice
6.28,141,40,126,29.0,55,Turmeric
7.44,192,43,186,25.7,72,Groundnut
6.02,127,44,177,29.5,76,Groundnut
6.81,109,64,178,33.7,79,Turmeric
6.15,91,65,142,26.3,75,Cotton
7.05,114,51,196,25.2,61,Groundnut
5.76,90,51,130,26.8,53,Turmeric
7.44,143,24,198,34.3,54,Groundnut
6.41,189,55,116,37.6,52,Chillies
5.97,129,65,191,37.8,65,Sugarcane
5.65,164,61,182,31.4,57,Turmeric
5.84,100,68,153,36.3,49,Maize
6.54,148,61,161,34.6,50,Groundnut
6.17,127,58,186,31.5,74,Groundnut
7.16,99,35,131,32.4,75,Rice
6.36,180,52,139,26.8,61,Cotton
6.0,146,68,112,37.2,55,Sugarcane
6.73,123,40,183,29.6,64,Rice
6.91,112,28,134,30.8,53,Chillies
5.83,196,25,104,33.7,46,Maize
5.84,152,64,172,29.3,81,Cotton
5.57,140,54,128,28.3,45,Rice
6.97,88,58,169,33.2,48,Turmeric
6.83,147,41,124,25.3,80,Groundnut
6.45,114,60,194,34.4,69,Groundnut
7.19,160,24,121,31.7,47,Cotton
7.11,177,61,165,32.9,53,Groundnut
6.67,167,42,144,33.2,66,Turmeric
7.24,175,36,168,31.9,67,Rice
5.91,144,31,190,32.6,56,Rice
5.72,87,42,188,33.9,54,Groundnut
6.04,124,35,171,34.8,78,Groundnut
5.61,166,22,100,34.5,54,Chillies
6.56,126,49,183,36.3,74,Maize
7.37,119,41,143,27.5,66,Cotton
5.58,155,28,186,30.2,50,Rice
5.74,133,48,195,37.3,46,Cotton
6.4,155,66,174,30.2,74,Chillies
7.37,125,56,138,26.6,46,Rice
6.13,126,42,153,31.8,76,Chillies
6.51,94,32,187,26.4,60,Chillies
5.58,184,51,174,27.6,56,Sugarcane
5.8,98,65,128,38.0,45,Groundnut
7.47,105,66,153,32.0,52,Turmeric
7.43,131,67,189,28.7,57,Sugarcane
5.51,172,42,115,37.9,59,Cotton
7.4,101,64,198,37.6,52,Turmeric
6.78,183,36,119,30.7,54,Cotton
7.24,100,59,145,28.4,49,Groundnut
6.41,130,40,166,35.9,63,Turmeric
6.53,117,21,164,34.3,82,Sugarcane
6.48,99,56,157,33.9,55,Cotton
6.83,108,25,152,36.6,64,Sugarcane
5.78,130,63,100,34.0,64,Groundnut
5.56,83,37,180,28.7,65,Turmeric
6.12,134,49,165,34.0,62,Turmeric
6.91,150,41,128,29.0,54,Rice
5.9,171,52,183,34.9,78,Chillies
6.85,107,49,169,33.1,70,Chillies
7.44,83,36,107,26.0,74,Sugarcane
5.69,101,62,128,31.7,53,Turmeric
6.85,155,51,150,29.5,75,Cotton
6.39,124,61,132,29.3,48,Sugarcane
7.24,146,33,102,32.8,50,Sugarcane
5.85,165,29,159,29.2,58,Maize
6.89,187,66,134,35.1,48,Turmeric
7.18,145,55,168,25.9,70,Chillies
7.39,167,53,190,33.6,83,Turmeric
6.87,113,28,175,35.5,61,Groundnut
6.49,170,61,183,33.7,63,Sugarcane
6.74,134,47,119,31.5,50,Maize
7.24,184,30,172,37.4,73,Maize
6.64,80,33,138,28.9,55,Chillies
5.56,151,58,103,25.2,60,Chillies
7.36,166,66,118,30.6,74,Chillies
6.88,117,38,190,25.4,69,Groundnut
6.85,85,34,144,37.4,84,Maize
5.93,165,47,142,27.7,55,Cotton
6.82,104,43,112,35.3,51,Groundnut
6.29,161,27,112,35.1,70,Rice
6.8,96,62,159,27.8,66,Sugarcane
5.71,140,28,156,33.1,69,Chillies
6.82,91,66,185,25.6,63,Maize
7.5,85,52,191,31.3,75,Sugarcane
5.6,169,52,151,25.2,70,Turmeric
7.45,106,38,152,37.0,80,Groundnut
6.31,87,22,185,37.7,67,Rice
7.24,162,29,142,27.9,57,Turmeric
7.06,185,59,182,27.7,69,Groundnut
6.63,144,66,171,34.8,46,Groundnut
6.98,136,61,171,28.3,46,Cotton
7.26,172,20,141,36.6,60,Sugarcane
6.31,188,48,189,32.5,53,Cotton
6.15,192,69,125,29.6,72,Groundnut
6.84,178,53,122,35.8,57,Rice
7.12,119,32,142,31.4,79,Maize
7.02,93,20,176,36.9,57,Maize
7.1,114,53,127,37.1,75,Turmeric
6.37,127,48,108,27.2,65,Sugarcane
7.14,188,67,119,25.0,76,Chillies
5.74,163,66,155,37.8,78,Chillies
6.59,135,32,182,36.8,52,Maize
5.51,128,67,138,25.7,46,Groundnut
6.15,92,68,150,35.8,82,Groundnut
6.23,140,48,111,31.0,76,Cotton
6.29,181,58,178,28.4,84,Sugarcane
6.89,128,43,194,36.4,72,Cotton
6.28,125,45,154,27.6,81,Chillies
6.4,192,36,177,37.3,45,Maize
5.98,141,26,110,27.7,54,Turmeric
6.25,87,32,125,33.0,48,Groundnut
5.95,122,24,141,27.9,79,Maize
5.65,99,45,126,32.1,54,Rice
6.71,176,68,110,33.9,55,Maize
6.84,169,22,137,27.5,58,Rice
6.74,118,26,197,31.8,82,Cotton
6.43,164,68,142,31.1,56,Cotton
6.26,196,58,118,25.9,61,Chillies
7.23,128,20,163,35.6,60,Maize
